OID,Shape_Length,Shape_Area,x_z,y_z,dy_conf
1,4000,1000000,116.2230422,39.81488216,0.0
2,4000,1000000,116.2347248,39.81495981,0.0
3,4000,1000000,116.2464074,39.81503627,0.0
4,4000,1000000,116.2580901,39.81511156,0.0
5,4000,1000000,116.2697728,39.81518568,0.0
6,4000,1000000,116.2814556,39.81525862,1.0
7,4000,1000000,116.2931384,39.81533038,1.4
8,4000,1000000,116.3048212,39.81540097,1.3
9,4000,1000000,116.3165041,39.81547038,0.0
10,4000,1000000,116.328187,39.81553861,0.0
11,4000,1000000,116.33987,39.81560567,0.0
12,4000,1000000,116.351553,39.81567155,0.0
13,4000,1000000,116.3632361,39.81573625,1.0
14,4000,1000000,116.3749191,39.81579978,0.0
15,4000,1000000,116.3866023,39.81586214,0.0
16,4000,1000000,116.3982854,39.81592331,0.0
17,4000,1000000,116.4099686,39.81598331,1.0
18,4000,1000000,116.4216518,39.81604214,0.0
19,4000,1000000,116.4333351,39.81609978,1.5
20,4000,1000000,116.4450184,39.81615626,0.0
21,4000,1000000,116.4567017,39.81621155,0.0
22,4000,1000000,116.4683851,39.81626567,0.0
23,4000,1000000,116.4800684,39.81631861,0.0
24,4000,1000000,116.4917519,39.81637038,0.0
25,4000,1000000,116.5034353,39.81642097,1.0
26,4000,1000000,116.5151188,39.81647038,1.0
27,4000,1000000,116.5268023,39.81651862,0.0
28,4000,1000000,116.5384858,39.81656568,0.0
29,4000,1000000,116.5501694,39.81661156,0.0
30,4000,1000000,116.561853,39.81665627,0.0
31,4000,1000000,116.2229407,39.82389142,0.0
32,4000,1000000,116.2346248,39.82396908,0.0
33,4000,1000000,116.246309,39.82404558,0.0
34,4000,1000000,116.2579932,39.82412089,0.0
35,4000,1000000,116.2696774,39.82419503,0.0
36,4000,1000000,116.2813617,39.82426799,1.3
37,4000,1000000,116.2930461,39.82433978,1.4
38,4000,1000000,116.3047304,39.82441039,1.3
39,4000,1000000,116.3164148,39.82447982,0.0
40,4000,1000000,116.3280993,39.82454807,0.0
41,4000,1000000,116.3397838,39.82461515,1.6
42,4000,1000000,116.3514683,39.82468105,0.0
43,4000,1000000,116.3631529,39.82474578,0.0
44,4000,1000000,116.3748375,39.82480933,0.0
45,4000,1000000,116.3865221,39.8248717,0.0
46,4000,1000000,116.3982068,39.8249329,1.4
47,4000,1000000,116.4098915,39.82499292,0.0
48,4000,1000000,116.4215763,39.82505176,0.0
49,4000,1000000,116.4332611,39.82510942,1.4
50,4000,1000000,116.4449459,39.82516591,0.0
51,4000,1000000,116.4566307,39.82522123,1.6
52,4000,1000000,116.4683156,39.82527536,1.4
53,4000,1000000,116.4800005,39.82532832,1.4
54,4000,1000000,116.4916855,39.8253801,0.0
55,4000,1000000,116.5033705,39.82543071,0.0
56,4000,1000000,116.5150555,39.82548014,0.0
57,4000,1000000,116.5267405,39.82552839,0.0
58,4000,1000000,116.5384255,39.82557546,0.0
59,4000,1000000,116.5501106,39.82562136,0.0
60,4000,1000000,116.5617957,39.82566608,0.0
61,4000,1000000,116.2228392,39.83290066,0.0
62,4000,1000000,116.2345249,39.83297835,0.0
63,4000,1000000,116.2462105,39.83305486,0.0
64,4000,1000000,116.2578963,39.8331302,0.0
65,4000,1000000,116.269582,39.83320437,0.0
66,4000,1000000,116.2812679,39.83327735,1.5
67,4000,1000000,116.2929537,39.83334916,1.4
68,4000,1000000,116.3046396,39.83341979,1.3
69,4000,1000000,116.3163255,39.83348924,1.0
70,4000,1000000,116.3280115,39.83355752,0.0
71,4000,1000000,116.3396975,39.83362462,1.2
72,4000,1000000,116.3513836,39.83369054,1.5
73,4000,1000000,116.3630697,39.83375529,1.5
74,4000,1000000,116.3747558,39.83381886,1.2
75,4000,1000000,116.386442,39.83388125,1.3
76,4000,1000000,116.3981282,39.83394247,1.3
77,4000,1000000,116.4098144,39.83400251,0.0
78,4000,1000000,116.4215007,39.83406137,1.2
79,4000,1000000,116.433187,39.83411905,1.6
80,4000,1000000,116.4448734,39.83417556,0.0
81,4000,1000000,116.4565598,39.83423089,0.0
82,4000,1000000,116.4682462,39.83428504,1.2
83,4000,1000000,116.4799326,39.83433802,1.2
84,4000,1000000,116.4916191,39.83438982,0.0
85,4000,1000000,116.5033056,39.83444044,0.0
86,4000,1000000,116.5149921,39.83448988,0.0
87,4000,1000000,116.5266787,39.83453815,0.0
88,4000,1000000,116.5383652,39.83458524,1.4
89,4000,1000000,116.5500519,39.83463115,0.0
90,4000,1000000,116.5617385,39.83467589,0.0
91,4000,1000000,116.2227377,39.84190988,0.0
92,4000,1000000,116.2344248,39.8419876,1.5
93,4000,1000000,116.246112,39.84206414,0.0
94,4000,1000000,116.2577993,39.8421395,1.2
95,4000,1000000,116.2694866,39.84221369,0.0
96,4000,1000000,116.2811739,39.8422867,1.4
97,4000,1000000,116.2928613,39.84235853,1.2
98,4000,1000000,116.3045487,39.84242918,0.0
99,4000,1000000,116.3162362,39.84249866,1.5
100,4000,1000000,116.3279237,39.84256696,1.3
101,4000,1000000,116.3396113,39.84263408,1.5
102,4000,1000000,116.3512988,39.84270002,1.5
103,4000,1000000,116.3629865,39.84276479,1.2
104,4000,1000000,116.3746741,39.84282838,1.4
105,4000,1000000,116.3863618,39.84289079,1.3
106,4000,1000000,116.3980495,39.84295202,1.4
107,4000,1000000,116.4097373,39.84301208,1.4
108,4000,1000000,116.4214251,39.84307096,1.4
109,4000,1000000,116.433113,39.84312866,1.3
110,4000,1000000,116.4448008,39.84318519,1.3
111,4000,1000000,116.4564887,39.84324054,1.4
112,4000,1000000,116.4681767,39.84329471,0.0
113,4000,1000000,116.4798646,39.8433477,0.0
114,4000,1000000,116.4915526,39.84339951,0.0
115,4000,1000000,116.5032407,39.84345015,0.0
116,4000,1000000,116.5149287,39.84349961,1.2
117,4000,1000000,116.5266168,39.84354789,0.0
118,4000,1000000,116.5383049,39.843595,0.0
119,4000,1000000,116.549993,39.84364093,0.0
120,4000,1000000,116.5616812,39.84368568,1.5
121,4000,1000000,116.2226361,39.85091909,1.0
122,4000,1000000,116.2343247,39.85099684,0.0
123,4000,1000000,116.2460135,39.8510734,1.6
124,4000,1000000,116.2577023,39.85114879,0.0
125,4000,1000000,116.2693911,39.851223,1.6
126,4000,1000000,116.28108,39.85129603,1.4
127,4000,1000000,116.2927689,39.85136788,0.0
128,4000,1000000,116.3044578,39.85143856,1.6
129,4000,1000000,116.3161468,39.85150805,1.6
130,4000,1000000,116.3278358,39.85157638,1.5
131,4000,1000000,116.3395249,39.85164352,0.0
132,4000,1000000,116.351214,39.85170948,1.5
133,4000,1000000,116.3629032,39.85177427,1.0
134,4000,1000000,116.3745924,39.85183788,1.5
135,4000,1000000,116.3862816,39.85190031,1.4
136,4000,1000000,116.3979709,39.85196157,1.3
137,4000,1000000,116.4096602,39.85202164,1.5
138,4000,1000000,116.4213495,39.85208054,1.3
139,4000,1000000,116.4330388,39.85213826,1.2
140,4000,1000000,116.4447282,39.85219481,1.3
141,4000,1000000,116.4564177,39.85225017,0.0
142,4000,1000000,116.4681071,39.85230436,0.0
143,4000,1000000,116.4797966,39.85235737,1.2
144,4000,1000000,116.4914862,39.8524092,0.0
145,4000,1000000,116.5031757,39.85245985,0.0
146,4000,1000000,116.5148653,39.85250933,0.0
147,4000,1000000,116.5265549,39.85255763,0.0
148,4000,1000000,116.5382446,39.85260475,0.0
149,4000,1000000,116.5499342,39.85265069,0.0
150,4000,1000000,116.5616239,39.85269545,1.6
151,4000,1000000,116.2225344,39.85992829,0.0
152,4000,1000000,116.2342246,39.86000606,0.0
153,4000,1000000,116.2459149,39.86008265,1.0
154,4000,1000000,116.2576052,39.86015806,0.0
155,4000,1000000,116.2692956,39.86023229,1.2
156,4000,1000000,116.2809859,39.86030534,1.1
157,4000,1000000,116.2926764,39.86037722,1.3
158,4000,1000000,116.3043669,39.86044792,0.0
159,4000,1000000,116.3160574,39.86051744,0.0
160,4000,1000000,116.327748,39.86058578,1.3
161,4000,1000000,116.3394386,39.86065295,0.0
162,4000,1000000,116.3511292,39.86071893,0.0
163,4000,1000000,116.3628199,39.86078374,1.2
164,4000,1000000,116.3745106,39.86084737,1.2
165,4000,1000000,116.3862013,39.86090982,1.3
166,4000,1000000,116.3978921,39.86097109,1.4
167,4000,1000000,116.409583,39.86103119,1.5
168,4000,1000000,116.4212738,39.86109011,1.2
169,4000,1000000,116.4329647,39.86114785,1.3
170,4000,1000000,116.4446556,39.86120441,1.2
171,4000,1000000,116.4563466,39.86125979,1.3
172,4000,1000000,116.4680376,39.86131399,1.1
173,4000,1000000,116.4797286,39.86136702,1.3
174,4000,1000000,116.4914197,39.86141887,1.6
175,4000,1000000,116.5031107,39.86146954,1.4
176,4000,1000000,116.5148019,39.86151903,0.0
177,4000,1000000,116.526493,39.86156734,0.0
178,4000,1000000,116.5381842,39.86161448,0.0
179,4000,1000000,116.5498754,39.86166044,1.5
180,4000,1000000,116.5615666,39.86170521,0.0
181,4000,1000000,116.2224327,39.86893747,0.0
182,4000,1000000,116.2341245,39.86901526,0.0
183,4000,1000000,116.2458162,39.86909188,1.0
184,4000,1000000,116.2575081,39.86916731,1.6
185,4000,1000000,116.2692,39.86924157,1.3
186,4000,1000000,116.2808919,39.86931465,1.4
187,4000,1000000,116.2925839,39.86938654,1.5
188,4000,1000000,116.3042759,39.86945727,1.6
189,4000,1000000,116.3159679,39.86952681,1.1
190,4000,1000000,116.32766,39.86959517,1.2
191,4000,1000000,116.3393521,39.86966236,1.4
192,4000,1000000,116.3510443,39.86972837,1.3
193,4000,1000000,116.3627365,39.86979319,1.4
194,4000,1000000,116.3744288,39.86985684,1.3
195,4000,1000000,116.3861211,39.86991932,1.4
196,4000,1000000,116.3978134,39.86998061,1.5
197,4000,1000000,116.4095057,39.87004072,1.4
198,4000,1000000,116.4211981,39.87009966,1.4
199,4000,1000000,116.4328905,39.87015742,1.5
200,4000,1000000,116.444583,39.870214,1.5
201,4000,1000000,116.4562755,39.8702694,1.3
202,4000,1000000,116.467968,39.87032362,1.3
203,4000,1000000,116.4796605,39.87037666,1.2
204,4000,1000000,116.4913531,39.87042852,0.0
205,4000,1000000,116.5030457,39.87047921,1.3
206,4000,1000000,116.5147384,39.87052872,1.3
207,4000,1000000,116.5264311,39.87057705,0.0
208,4000,1000000,116.5381238,39.8706242,1.0
209,4000,1000000,116.5498165,39.87067017,1.3
210,4000,1000000,116.5615092,39.87071496,1.5
211,4000,1000000,116.222331,39.87794664,0.0
212,4000,1000000,116.2340242,39.87802446,1.5
213,4000,1000000,116.2457176,39.87810109,0.0
214,4000,1000000,116.2574109,39.87817655,1.0
215,4000,1000000,116.2691043,39.87825083,1.0
216,4000,1000000,116.2807978,39.87832393,1.2
217,4000,1000000,116.2924913,39.87839586,1.4
218,4000,1000000,116.3041848,39.8784666,1.5
219,4000,1000000,116.3158784,39.87853616,1.4
220,4000,1000000,116.327572,39.87860455,1.2
221,4000,1000000,116.3392657,39.87867176,1.4
222,4000,1000000,116.3509594,39.87873778,1.4
223,4000,1000000,116.3626531,39.87880263,1.3
224,4000,1000000,116.3743469,39.8788663,1.4
225,4000,1000000,116.3860407,39.8789288,1.3
226,4000,1000000,116.3977346,39.87899011,1.3
227,4000,1000000,116.4094285,39.87905024,1.4
228,4000,1000000,116.4211224,39.8791092,1.3
229,4000,1000000,116.4328163,39.87916697,1.4
230,4000,1000000,116.4445103,39.87922357,1.3
231,4000,1000000,116.4562043,39.87927899,1.4
232,4000,1000000,116.4678984,39.87933323,1.2
233,4000,1000000,116.4795925,39.87938629,1.4
234,4000,1000000,116.4912866,39.87943817,1.2
235,4000,1000000,116.5029807,39.87948887,1.0
236,4000,1000000,116.5146749,39.87953839,0.0
237,4000,1000000,116.5263691,39.87958674,1.4
238,4000,1000000,116.5380633,39.8796339,0.0
239,4000,1000000,116.5497576,39.87967989,0.0
240,4000,1000000,116.5614518,39.87972469,0.0
241,4000,1000000,116.2222292,39.8869558,0.0
242,4000,1000000,116.233924,39.88703364,0.0
243,4000,1000000,116.2456188,39.8871103,1.0
244,4000,1000000,116.2573137,39.88718578,1.0
245,4000,1000000,116.2690087,39.88726008,1.2
246,4000,1000000,116.2807037,39.88733321,1.4
247,4000,1000000,116.2923987,39.88740515,1.4
248,4000,1000000,116.3040938,39.88747592,1.4
249,4000,1000000,116.3157889,39.88754551,1.4
250,4000,1000000,116.327484,39.88761391,1.5
251,4000,1000000,116.3391792,39.88768114,1.3
252,4000,1000000,116.3508744,39.88774719,1.3
253,4000,1000000,116.3625697,39.88781206,1.4
254,4000,1000000,116.374265,39.88787575,1.3
255,4000,1000000,116.3859604,39.88793826,1.4
256,4000,1000000,116.3976557,39.88799959,1.3
257,4000,1000000,116.4093512,39.88805975,1.5
258,4000,1000000,116.4210466,39.88811872,1.4
259,4000,1000000,116.4327421,39.88817651,1.4
260,4000,1000000,116.4444376,39.88823313,1.3
261,4000,1000000,116.4561331,39.88828856,1.2
262,4000,1000000,116.4678287,39.88834282,1.4
263,4000,1000000,116.4795243,39.8883959,1.3
264,4000,1000000,116.49122,39.88844779,1.2
265,4000,1000000,116.5029157,39.88849851,1.0
266,4000,1000000,116.5146114,39.88854805,1.1
267,4000,1000000,116.5263071,39.88859641,1.1
268,4000,1000000,116.5380028,39.88864359,0.0
269,4000,1000000,116.5496986,39.88868959,0.0
270,4000,1000000,116.5613944,39.88873441,0.0
271,4000,1000000,116.2221273,39.89596494,0.0
272,4000,1000000,116.2338237,39.8960428,1.0
273,4000,1000000,116.2455201,39.89611949,1.2
274,4000,1000000,116.2572165,39.89619499,1.2
275,4000,1000000,116.268913,39.89626932,1.0
276,4000,1000000,116.2806095,39.89634247,1.6
277,4000,1000000,116.292306,39.89641444,1.2
278,4000,1000000,116.3040026,39.89648522,1.6
279,4000,1000000,116.3156993,39.89655483,1.2
280,4000,1000000,116.327396,39.89662326,1.4
281,4000,1000000,116.3390927,39.89669051,1.3
282,4000,1000000,116.3507895,39.89675658,1.4
283,4000,1000000,116.3624863,39.89682147,1.4
284,4000,1000000,116.3741831,39.89688518,1.3
285,4000,1000000,116.38588,39.89694771,1.4
286,4000,1000000,116.3975769,39.89700907,1.3
287,4000,1000000,116.4092738,39.89706924,1.4
288,4000,1000000,116.4209708,39.89712823,1.4
289,4000,1000000,116.4326678,39.89718604,1.3
290,4000,1000000,116.4443649,39.89724267,1.5
291,4000,1000000,116.4560619,39.89729813,1.5
292,4000,1000000,116.467759,39.8973524,1.5
293,4000,1000000,116.4794562,39.89740549,1.4
294,4000,1000000,116.4911534,39.89745741,1.2
295,4000,1000000,116.5028506,39.89750814,1.1
296,4000,1000000,116.5145478,39.8975577,1.1
297,4000,1000000,116.5262451,39.89760607,1.0
298,4000,1000000,116.5379424,39.89765327,1.3
299,4000,1000000,116.5496397,39.89769928,1.0
300,4000,1000000,116.561337,39.89774412,1.0
301,4000,1000000,116.2220255,39.90497406,1.1
302,4000,1000000,116.2337233,39.90505195,1.0
303,4000,1000000,116.2454213,39.90512866,1.2
304,4000,1000000,116.2571192,39.90520419,1.0
305,4000,1000000,116.2688172,39.90527854,1.2
306,4000,1000000,116.2805153,39.90535171,1.4
307,4000,1000000,116.2922134,39.9054237,1.4
308,4000,1000000,116.3039115,39.90549451,1.3
309,4000,1000000,116.3156097,39.90556415,1.5
310,4000,1000000,116.3273079,39.9056326,1.5
311,4000,1000000,116.3390061,39.90569987,1.4
312,4000,1000000,116.3507044,39.90576596,1.4
313,4000,1000000,116.3624028,39.90583087,1.5
314,4000,1000000,116.3741011,39.9058946,1.4
315,4000,1000000,116.3857995,39.90595715,1.3
316,4000,1000000,116.397498,39.90601852,1.2
317,4000,1000000,116.4091964,39.90607871,1.4
318,4000,1000000,116.420895,39.90613772,1.5
319,4000,1000000,116.4325935,39.90619555,1.3
320,4000,1000000,116.4442921,39.90625221,1.5
321,4000,1000000,116.4559907,39.90630768,1.5
322,4000,1000000,116.4676893,39.90636197,1.4
323,4000,1000000,116.479388,39.90641508,1.5
324,4000,1000000,116.4910867,39.90646701,1.2
325,4000,1000000,116.5027855,39.90651776,1.1
326,4000,1000000,116.5144842,39.90656733,1.2
327,4000,1000000,116.526183,39.90661572,1.1
328,4000,1000000,116.5378818,39.90666293,1.1
329,4000,1000000,116.5495807,39.90670896,1.3
330,4000,1000000,116.5612796,39.90675381,1.2
331,4000,1000000,116.2219235,39.91398317,0.0
332,4000,1000000,116.2336229,39.91406109,0.0
333,4000,1000000,116.2453224,39.91413782,0.0
334,4000,1000000,116.2570219,39.91421338,1.1
335,4000,1000000,116.2687214,39.91428775,1.2
336,4000,1000000,116.280421,39.91436094,1.4
337,4000,1000000,116.2921206,39.91443296,1.5
338,4000,1000000,116.3038203,39.91450379,1.4
339,4000,1000000,116.31552,39.91457344,1.4
340,4000,1000000,116.3272197,39.91464192,1.4
341,4000,1000000,116.3389195,39.91470921,1.6
342,4000,1000000,116.3506194,39.91477532,1.5
343,4000,1000000,116.3623192,39.91484025,1.5
344,4000,1000000,116.3740191,39.914904,1.4
345,4000,1000000,116.3857191,39.91496657,1.5
346,4000,1000000,116.397419,39.91502797,1.4
347,4000,1000000,116.409119,39.91508818,1.4
348,4000,1000000,116.4208191,39.91514721,1.4
349,4000,1000000,116.4325192,39.91520505,1.5
350,4000,1000000,116.4442193,39.91526172,1.4
351,4000,1000000,116.4559194,39.91531721,1.5
352,4000,1000000,116.4676196,39.91537152,1.5
353,4000,1000000,116.4793198,39.91542465,1.5
354,4000,1000000,116.49102,39.91547659,1.2
355,4000,1000000,116.5027203,39.91552736,1.1
356,4000,1000000,116.5144206,39.91557695,1.1
357,4000,1000000,116.5261209,39.91562535,1.2
358,4000,1000000,116.5378213,39.91567258,1.1
359,4000,1000000,116.5495217,39.91571862,1.0
360,4000,1000000,116.5612221,39.91576348,1.0
361,4000,1000000,116.2218216,39.92299227,0.0
362,4000,1000000,116.2335225,39.92307021,1.5
363,4000,1000000,116.2452235,39.92314697,1.0
364,4000,1000000,116.2569245,39.92322255,1.0
365,4000,1000000,116.2686256,39.92329694,1.0
366,4000,1000000,116.2803267,39.92337016,1.5
367,4000,1000000,116.2920279,39.9234422,1.3
368,4000,1000000,116.303729,39.92351305,1.4
369,4000,1000000,116.3154303,39.92358273,1.3
370,4000,1000000,116.3271316,39.92365122,1.3
371,4000,1000000,116.3388329,39.92371854,1.5
372,4000,1000000,116.3505342,39.92378467,1.4
373,4000,1000000,116.3622356,39.92384962,1.5
374,4000,1000000,116.3739371,39.92391339,1.3
375,4000,1000000,116.3856385,39.92397598,1.3
376,4000,1000000,116.39734,39.92403739,1.3
377,4000,1000000,116.4090416,39.92409762,1.5
378,4000,1000000,116.4207432,39.92415667,1.6
379,4000,1000000,116.4324448,39.92421454,1.5
380,4000,1000000,116.4441464,39.92427123,1.5
381,4000,1000000,116.4558481,39.92432673,1.5
382,4000,1000000,116.4675498,39.92438106,1.5
383,4000,1000000,116.4792516,39.9244342,1.5
384,4000,1000000,116.4909533,39.92448616,1.3
385,4000,1000000,116.5026551,39.92453695,1.1
386,4000,1000000,116.514357,39.92458655,1.2
387,4000,1000000,116.5260588,39.92463497,1.2
388,4000,1000000,116.5377607,39.92468221,1.3
389,4000,1000000,116.5494626,39.92472827,1.5
390,4000,1000000,116.5611646,39.92477315,1.2
391,4000,1000000,116.2217196,39.93200135,0.0
392,4000,1000000,116.233422,39.93207932,0.0
393,4000,1000000,116.2451245,39.9321561,1.0
394,4000,1000000,116.2568271,39.9322317,1.0
395,4000,1000000,116.2685297,39.93230612,1.0
396,4000,1000000,116.2802323,39.93237936,1.4
397,4000,1000000,116.291935,39.93245142,1.3
398,4000,1000000,116.3036378,39.9325223,1.4
399,4000,1000000,116.3153405,39.932592,1.4
400,4000,1000000,116.3270434,39.93266052,1.4
401,4000,1000000,116.3387462,39.93272785,1.5
402,4000,1000000,116.3504491,39.932794,1.5
403,4000,1000000,116.362152,39.93285898,1.3
404,4000,1000000,116.373855,39.93292277,1.5
405,4000,1000000,116.385558,39.93298538,1.3
406,4000,1000000,116.397261,39.93304681,1.4
407,4000,1000000,116.4089641,39.93310706,1.5
408,4000,1000000,116.4206672,39.93316612,1.5
409,4000,1000000,116.4323704,39.93322401,1.4
410,4000,1000000,116.4440736,39.93328071,1.5
411,4000,1000000,116.4557768,39.93333624,1.5
412,4000,1000000,116.46748,39.93339058,1.4
413,4000,1000000,116.4791833,39.93344374,1.4
414,4000,1000000,116.4908866,39.93349572,1.4
415,4000,1000000,116.5025899,39.93354652,1.2
416,4000,1000000,116.5142933,39.93359614,1.2
417,4000,1000000,116.5259967,39.93364457,1.0
418,4000,1000000,116.5377001,39.93369183,1.2
419,4000,1000000,116.5494036,39.9337379,0.0
420,4000,1000000,116.561107,39.9337828,1.6
421,4000,1000000,116.2216175,39.94101042,0.0
422,4000,1000000,116.2333215,39.94108841,0.0
423,4000,1000000,116.2450255,39.94116522,0.0
424,4000,1000000,116.2567296,39.94124084,1.2
425,4000,1000000,116.2684338,39.94131529,1.2
426,4000,1000000,116.280138,39.94138855,1.4
427,4000,1000000,116.2918422,39.94146064,1.4
428,4000,1000000,116.3035464,39.94153154,1.4
429,4000,1000000,116.3152508,39.94160126,1.3
430,4000,1000000,116.3269551,39.94166979,1.4
431,4000,1000000,116.3386595,39.94173715,1.4
432,4000,1000000,116.3503639,39.94180332,1.5
433,4000,1000000,116.3620684,39.94186832,1.2
434,4000,1000000,116.3737729,39.94193213,1.4
435,4000,1000000,116.3854774,39.94199476,1.3
436,4000,1000000,116.397182,39.94205621,1.4
437,4000,1000000,116.4088866,39.94211648,1.5
438,4000,1000000,116.4205912,39.94217556,1.5
439,4000,1000000,116.4322959,39.94223347,1.5
440,4000,1000000,116.4440006,39.94229019,1.5
441,4000,1000000,116.4557054,39.94234573,1.4
442,4000,1000000,116.4674102,39.94240009,1.3
443,4000,1000000,116.479115,39.94245327,1.3
444,4000,1000000,116.4908198,39.94250526,1.2
445,4000,1000000,116.5025247,39.94255608,1.0
446,4000,1000000,116.5142296,39.94260571,1.5
447,4000,1000000,116.5259345,39.94265416,1.3
448,4000,1000000,116.5376395,39.94270143,0.0
449,4000,1000000,116.5493445,39.94274752,0.0
450,4000,1000000,116.5610495,39.94279243,1.4
451,4000,1000000,116.2215154,39.95001948,0.0
452,4000,1000000,116.2332209,39.95009749,1.4
453,4000,1000000,116.2449265,39.95017432,0.0
454,4000,1000000,116.2566321,39.95024997,0.0
455,4000,1000000,116.2683378,39.95032444,1.4
456,4000,1000000,116.2800435,39.95039773,1.2
457,4000,1000000,116.2917493,39.95046983,1.6
458,4000,1000000,116.3034551,39.95054076,1.4
459,4000,1000000,116.3151609,39.9506105,1.5
460,4000,1000000,116.3268668,39.95067906,1.4
461,4000,1000000,116.3385727,39.95074643,1.5
462,4000,1000000,116.3502787,39.95081263,1.4
463,4000,1000000,116.3619847,39.95087764,1.5
464,4000,1000000,116.3736907,39.95094148,1.3
465,4000,1000000,116.3853968,39.95100413,1.2
466,4000,1000000,116.3971029,39.9510656,1.3
467,4000,1000000,116.4088091,39.95112588,1.2
468,4000,1000000,116.4205152,39.95118499,1.5
469,4000,1000000,116.4322215,39.95124291,1.3
470,4000,1000000,116.4439277,39.95129965,1.4
471,4000,1000000,116.455634,39.95135521,1.3
472,4000,1000000,116.4673403,39.95140959,1.3
473,4000,1000000,116.4790466,39.95146278,1.4
474,4000,1000000,116.490753,39.95151479,1.0
475,4000,1000000,116.5024594,39.95156562,1.5
476,4000,1000000,116.5141659,39.95161527,1.4
477,4000,1000000,116.5258723,39.95166374,0.0
478,4000,1000000,116.5375788,39.95171103,1.0
479,4000,1000000,116.5492853,39.95175713,1.6
480,4000,1000000,116.5609919,39.95180205,1.0
481,4000,1000000,116.2214132,39.95902852,1.2
482,4000,1000000,116.2331203,39.95910655,1.5
483,4000,1000000,116.2448274,39.95918341,1.0
484,4000,1000000,116.2565346,39.95925909,0.0
485,4000,1000000,116.2682418,39.95933358,0.0
486,4000,1000000,116.279949,39.95940689,1.3
487,4000,1000000,116.2916563,39.95947902,1.4
488,4000,1000000,116.3033637,39.95954996,1.3
489,4000,1000000,116.3150711,39.95961973,1.4
490,4000,1000000,116.3267785,39.95968831,1.4
491,4000,1000000,116.3384859,39.95975571,1.4
492,4000,1000000,116.3501934,39.95982192,1.3
493,4000,1000000,116.361901,39.95988696,1.5
494,4000,1000000,116.3736085,39.95995081,1.3
495,4000,1000000,116.3853161,39.96001348,1.3
496,4000,1000000,116.3970238,39.96007497,1.4
497,4000,1000000,116.4087315,39.96013527,1.4
498,4000,1000000,116.4204392,39.9601944,1.3
499,4000,1000000,116.4321469,39.96025234,1.4
500,4000,1000000,116.4438547,39.9603091,1.3
501,4000,1000000,116.4555625,39.96036467,1.3
502,4000,1000000,116.4672704,39.96041907,1.3
503,4000,1000000,116.4789783,39.96047228,1.2
504,4000,1000000,116.4906862,39.96052431,1.3
505,4000,1000000,116.5023941,39.96057516,1.2
506,4000,1000000,116.5141021,39.96062482,0.0
507,4000,1000000,116.5258101,39.9606733,1.2
508,4000,1000000,116.5375181,39.9607206,1.4
509,4000,1000000,116.5492262,39.96076672,0.0
510,4000,1000000,116.5609343,39.96081166,0.0
511,4000,1000000,116.221311,39.96803754,1.0
512,4000,1000000,116.2330196,39.96811561,0.0
513,4000,1000000,116.2447283,39.96819249,1.3
514,4000,1000000,116.256437,39.96826818,0.0
515,4000,1000000,116.2681457,39.9683427,1.6
516,4000,1000000,116.2798545,39.96841603,1.2
517,4000,1000000,116.2915634,39.96848818,1.3
518,4000,1000000,116.3032722,39.96855915,1.5
519,4000,1000000,116.3149811,39.96862894,1.3
520,4000,1000000,116.3266901,39.96869754,1.3
521,4000,1000000,116.3383991,39.96876496,1.4
522,4000,1000000,116.3501081,39.9688312,1.5
523,4000,1000000,116.3618172,39.96889626,1.5
524,4000,1000000,116.3735263,39.96896013,1.5
525,4000,1000000,116.3852355,39.96902282,1.3
526,4000,1000000,116.3969446,39.96908433,1.4
527,4000,1000000,116.4086539,39.96914465,1.4
528,4000,1000000,116.4203631,39.96920379,1.4
529,4000,1000000,116.4320724,39.96926175,1.2
530,4000,1000000,116.4437817,39.96931853,1.3
531,4000,1000000,116.4554911,39.96937412,1.5
532,4000,1000000,116.4672005,39.96942853,1.4
533,4000,1000000,116.4789099,39.96948176,1.2
534,4000,1000000,116.4906193,39.96953381,1.2
535,4000,1000000,116.5023288,39.96958467,1.4
536,4000,1000000,116.5140383,39.96963435,1.2
537,4000,1000000,116.5257479,39.96968285,0.0
538,4000,1000000,116.5374574,39.96973017,0.0
539,4000,1000000,116.549167,39.9697763,1.6
540,4000,1000000,116.5608766,39.96982125,0.0
541,4000,1000000,116.2212088,39.97704655,1.3
542,4000,1000000,116.2329189,39.97712464,1.5
543,4000,1000000,116.2446291,39.97720155,1.4
544,4000,1000000,116.2563394,39.97727727,0.0
545,4000,1000000,116.2680496,39.97735181,1.6
546,4000,1000000,116.27976,39.97742517,1.4
547,4000,1000000,116.2914703,39.97749734,1.5
548,4000,1000000,116.3031807,39.97756833,1.4
549,4000,1000000,116.3148912,39.97763814,1.4
550,4000,1000000,116.3266017,39.97770676,1.3
551,4000,1000000,116.3383122,39.9777742,1.5
552,4000,1000000,116.3500228,39.97784046,1.3
553,4000,1000000,116.3617334,39.97790554,1.4
554,4000,1000000,116.373444,39.97796943,1.5
555,4000,1000000,116.3851547,39.97803214,1.5
556,4000,1000000,116.3968655,39.97809367,1.4
557,4000,1000000,116.4085762,39.97815401,1.4
558,4000,1000000,116.420287,39.97821317,1.4
559,4000,1000000,116.4319978,39.97827115,1.4
560,4000,1000000,116.4437087,39.97832795,1.3
561,4000,1000000,116.4554196,39.97838356,1.4
562,4000,1000000,116.4671305,39.97843799,1.2
563,4000,1000000,116.4788415,39.97849123,1.4
564,4000,1000000,116.4905524,39.9785433,1.4
565,4000,1000000,116.5022635,39.97859417,1.3
566,4000,1000000,116.5139745,39.97864387,0.0
567,4000,1000000,116.5256856,39.97869238,0.0
568,4000,1000000,116.5373967,39.97873971,0.0
569,4000,1000000,116.5491078,39.97878586,0.0
570,4000,1000000,116.560819,39.97883082,0.0
571,4000,1000000,116.2211065,39.98605555,0.0
572,4000,1000000,116.2328182,39.98613366,0.0
573,4000,1000000,116.2445299,39.98621059,1.2
574,4000,1000000,116.2562417,39.98628634,0.0
575,4000,1000000,116.2679535,39.9863609,1.6
576,4000,1000000,116.2796654,39.98643428,1.2
577,4000,1000000,116.2913773,39.98650648,1.5
578,4000,1000000,116.3030892,39.98657749,1.4
579,4000,1000000,116.3148012,39.98664732,1.4
580,4000,1000000,116.3265132,39.98671597,1.5
581,4000,1000000,116.3382253,39.98678343,1.4
582,4000,1000000,116.3499374,39.98684971,1.4
583,4000,1000000,116.3616496,39.98691481,1.3
584,4000,1000000,116.3733617,39.98697872,1.5
585,4000,1000000,116.385074,39.98704145,1.4
586,4000,1000000,116.3967862,39.987103,1.5
587,4000,1000000,116.4084985,39.98716336,1.3
588,4000,1000000,116.4202108,39.98722254,1.4
589,4000,1000000,116.4319232,39.98728054,1.4
590,4000,1000000,116.4436356,39.98733735,1.4
591,4000,1000000,116.455348,39.98739298,1.3
592,4000,1000000,116.4670605,39.98744743,1.3
593,4000,1000000,116.478773,39.98750069,1.3
594,4000,1000000,116.4904855,39.98755277,1.4
595,4000,1000000,116.5021981,39.98760366,1.3
596,4000,1000000,116.5139107,39.98765338,0.0
597,4000,1000000,116.5256233,39.9877019,0.0
598,4000,1000000,116.5373359,39.98774925,0.0
599,4000,1000000,116.5490486,39.98779541,0.0
600,4000,1000000,116.5607613,39.98784039,0.0
601,4000,1000000,116.2210041,39.99506453,0.0
602,4000,1000000,116.2327174,39.99514267,0.0
603,4000,1000000,116.2444306,39.99521963,0.0
604,4000,1000000,116.256144,39.9952954,1.6
605,4000,1000000,116.2678573,39.99536998,0.0
606,4000,1000000,116.2795707,39.99544339,1.2
607,4000,1000000,116.2912842,39.99551561,1.2
608,4000,1000000,116.3029976,39.99558664,1.5
609,4000,1000000,116.3147112,39.99565649,1.3
610,4000,1000000,116.3264247,39.99572516,1.3
611,4000,1000000,116.3381384,39.99579265,1.4
612,4000,1000000,116.349852,39.99585895,1.6
613,4000,1000000,116.3615657,39.99592407,1.5
614,4000,1000000,116.3732794,39.995988,1.5
615,4000,1000000,116.3849932,39.99605075,1.4
616,4000,1000000,116.396707,39.99611231,1.4
617,4000,1000000,116.4084208,39.9961727,1.4
618,4000,1000000,116.4201347,39.9962319,1.4
619,4000,1000000,116.4318486,39.99628991,1.4
620,4000,1000000,116.4435625,39.99634674,1.5
621,4000,1000000,116.4552765,39.99640239,1.3
622,4000,1000000,116.4669905,39.99645685,1.2
623,4000,1000000,116.4787045,39.99651013,1.3
624,4000,1000000,116.4904186,39.99656223,1.3
625,4000,1000000,116.5021327,39.99661314,1.5
626,4000,1000000,116.5138468,39.99666287,1.3
627,4000,1000000,116.5255609,39.99671141,0.0
628,4000,1000000,116.5372751,39.99675877,0.0
629,4000,1000000,116.5489893,39.99680495,0.0
630,4000,1000000,116.5607036,39.99684994,0.0
631,4000,1000000,116.2209018,40.0040735,0.0
632,4000,1000000,116.2326165,40.00415167,0.0
633,4000,1000000,116.2443313,40.00422864,1.4
634,4000,1000000,116.2560462,40.00430444,0.0
635,4000,1000000,116.2677611,40.00437905,1.3
636,4000,1000000,116.279476,40.00445248,1.3
637,4000,1000000,116.291191,40.00452472,0.0
638,4000,1000000,116.302906,40.00459578,1.5
639,4000,1000000,116.3146211,40.00466565,1.1
640,4000,1000000,116.3263362,40.00473434,1.4
641,4000,1000000,116.3380514,40.00480185,1.4
642,4000,1000000,116.3497665,40.00486817,1.4
643,4000,1000000,116.3614818,40.00493331,1.1
644,4000,1000000,116.373197,40.00499726,1.4
645,4000,1000000,116.3849123,40.00506003,1.3
646,4000,1000000,116.3966277,40.00512162,1.4
647,4000,1000000,116.408343,40.00518202,1.4
648,4000,1000000,116.4200585,40.00524123,1.3
649,4000,1000000,116.4317739,40.00529927,1.5
650,4000,1000000,116.4434894,40.00535612,1.6
651,4000,1000000,116.4552049,40.00541178,1.4
652,4000,1000000,116.4669204,40.00546626,1.4
653,4000,1000000,116.478636,40.00551956,1.4
654,4000,1000000,116.4903516,40.00557167,1.3
655,4000,1000000,116.5020672,40.0056226,1.3
656,4000,1000000,116.5137829,40.00567234,1.5
657,4000,1000000,116.5254986,40.0057209,0.0
658,4000,1000000,116.5372143,40.00576828,0.0
659,4000,1000000,116.54893,40.00581447,0.0
660,4000,1000000,116.5606458,40.00585947,0.0
661,4000,1000000,116.2207993,40.01308246,0.0
662,4000,1000000,116.2325156,40.01316064,0.0
663,4000,1000000,116.244232,40.01323765,0.0
664,4000,1000000,116.2559484,40.01331347,0.0
665,4000,1000000,116.2676648,40.0133881,1.6
666,4000,1000000,116.2793813,40.01346155,1.0
667,4000,1000000,116.2910978,40.01353382,0.0
668,4000,1000000,116.3028144,40.0136049,0.0
669,4000,1000000,116.314531,40.01367479,1.2
670,4000,1000000,116.3262476,40.01374351,1.3
671,4000,1000000,116.3379643,40.01381103,1.4
672,4000,1000000,116.3496811,40.01387738,1.4
673,4000,1000000,116.3613978,40.01394253,0.0
674,4000,1000000,116.3731146,40.01400651,1.3
675,4000,1000000,116.3848315,40.0140693,0.0
676,4000,1000000,116.3965483,40.0141309,1.6
677,4000,1000000,116.4082653,40.01419132,1.6
678,4000,1000000,116.4199822,40.01425056,1.5
679,4000,1000000,116.4316992,40.01430861,1.4
680,4000,1000000,116.4434162,40.01436548,1.4
681,4000,1000000,116.4551332,40.01442116,1.3
682,4000,1000000,116.4668503,40.01447566,1.4
683,4000,1000000,116.4785674,40.01452897,1.4
684,4000,1000000,116.4902846,40.0145811,1.0
685,4000,1000000,116.5020018,40.01463204,0.0
686,4000,1000000,116.513719,40.0146818,0.0
687,4000,1000000,116.5254362,40.01473038,0.0
688,4000,1000000,116.5371534,40.01477777,0.0
689,4000,1000000,116.5488707,40.01482397,1.6
690,4000,1000000,116.560588,40.01486899,0.0
691,4000,1000000,116.2206969,40.0220914,0.0
692,4000,1000000,116.2324147,40.02216961,0.0
693,4000,1000000,116.2441326,40.02224664,0.0
694,4000,1000000,116.2558505,40.02232248,0.0
695,4000,1000000,116.2675685,40.02239714,1.3
696,4000,1000000,116.2792865,40.02247061,1.0
697,4000,1000000,116.2910046,40.0225429,1.0
698,4000,1000000,116.3027227,40.022614,1.0
699,4000,1000000,116.3144408,40.02268392,1.0
700,4000,1000000,116.326159,40.02275266,1.3
701,4000,1000000,116.3378773,40.0228202,1.2
702,4000,1000000,116.3495955,40.02288657,0.0
703,4000,1000000,116.3613138,40.02295175,0.0
704,4000,1000000,116.3730322,40.02301574,1.4
705,4000,1000000,116.3847506,40.02307855,1.3
706,4000,1000000,116.396469,40.02314018,1.5
707,4000,1000000,116.4081874,40.02320062,1.5
708,4000,1000000,116.4199059,40.02325987,1.2
709,4000,1000000,116.4316244,40.02331794,1.4
710,4000,1000000,116.443343,40.02337483,1.4
711,4000,1000000,116.4550616,40.02343053,1.6
712,4000,1000000,116.4667802,40.02348504,1.2
713,4000,1000000,116.4784989,40.02353837,1.2
714,4000,1000000,116.4902175,40.02359052,0.0
715,4000,1000000,116.5019363,40.02364148,1.6
716,4000,1000000,116.513655,40.02369125,1.5
717,4000,1000000,116.5253738,40.02373984,1.3
718,4000,1000000,116.5370926,40.02378725,1.2
719,4000,1000000,116.5488114,40.02383347,1.2
720,4000,1000000,116.5605303,40.0238785,0.0
721,4000,1000000,116.2205943,40.03110032,0.0
722,4000,1000000,116.2323137,40.03117856,1.0
723,4000,1000000,116.2440331,40.03125561,1.3
724,4000,1000000,116.2557526,40.03133148,0.0
725,4000,1000000,116.2674721,40.03140616,1.5
726,4000,1000000,116.2791917,40.03147966,1.0
727,4000,1000000,116.2909113,40.03155197,1.0
728,4000,1000000,116.302631,40.03162309,1.0
729,4000,1000000,116.3143506,40.03169304,1.1
730,4000,1000000,116.3260704,40.03176179,1.0
731,4000,1000000,116.3377901,40.03182936,1.1
732,4000,1000000,116.34951,40.03189575,1.3
733,4000,1000000,116.3612298,40.03196095,1.4
734,4000,1000000,116.3729497,40.03202496,1.0
735,4000,1000000,116.3846696,40.03208779,1.5
736,4000,1000000,116.3963896,40.03214944,0.0
737,4000,1000000,116.4081096,40.03220989,1.4
738,4000,1000000,116.4198296,40.03226917,1.4
739,4000,1000000,116.4315497,40.03232726,1.3
740,4000,1000000,116.4432698,40.03238416,1.5
741,4000,1000000,116.4549899,40.03243988,0.0
742,4000,1000000,116.46671,40.03249441,1.0
743,4000,1000000,116.4784302,40.03254776,0.0
744,4000,1000000,116.4901505,40.03259992,0.0
745,4000,1000000,116.5018707,40.03265089,1.4
746,4000,1000000,116.513591,40.03270068,0.0
747,4000,1000000,116.5253113,40.03274929,1.2
748,4000,1000000,116.5370317,40.03279671,0.0
749,4000,1000000,116.548752,40.03284295,0.0
750,4000,1000000,116.5604724,40.03288799,0.0
751,4000,1000000,116.2204918,40.04010924,1.2
752,4000,1000000,116.2322127,40.0401875,0.0
753,4000,1000000,116.2439337,40.04026457,0.0
754,4000,1000000,116.2556547,40.04034046,0.0
755,4000,1000000,116.2673757,40.04041517,1.0
756,4000,1000000,116.2790968,40.04048869,1.1
757,4000,1000000,116.290818,40.04056102,1.1
758,4000,1000000,116.3025392,40.04063217,1.2
759,4000,1000000,116.3142604,40.04070214,1.0
760,4000,1000000,116.3259817,40.04077091,0.0
761,4000,1000000,116.337703,40.0408385,1.0
762,4000,1000000,116.3494243,40.04090491,1.2
763,4000,1000000,116.3611457,40.04097013,1.0
764,4000,1000000,116.3728672,40.04103417,1.0
765,4000,1000000,116.3845886,40.04109702,0.0
766,4000,1000000,116.3963101,40.04115868,1.2
767,4000,1000000,116.4080317,40.04121916,1.4
768,4000,1000000,116.4197532,40.04127845,1.5
769,4000,1000000,116.4314748,40.04133656,1.4
770,4000,1000000,116.4431965,40.04139348,1.6
771,4000,1000000,116.4549182,40.04144921,0.0
772,4000,1000000,116.4666399,40.04150376,0.0
773,4000,1000000,116.4783616,40.04155713,0.0
774,4000,1000000,116.4900834,40.04160931,1.2
775,4000,1000000,116.5018052,40.0416603,0.0
776,4000,1000000,116.513527,40.0417101,0.0
777,4000,1000000,116.5252489,40.04175873,0.0
778,4000,1000000,116.5369707,40.04180616,0.0
779,4000,1000000,116.5486926,40.04185241,0.0
780,4000,1000000,116.5604146,40.04189747,1.4
781,4000,1000000,116.2203891,40.04911813,0.0
782,4000,1000000,116.2321116,40.04919642,0.0
783,4000,1000000,116.2438341,40.04927352,0.0
784,4000,1000000,116.2555567,40.04934944,1.6
785,4000,1000000,116.2672793,40.04942416,1.3
786,4000,1000000,116.2790019,40.04949771,1.0
787,4000,1000000,116.2907246,40.04957006,1.0
788,4000,1000000,116.3024474,40.04964124,1.0
789,4000,1000000,116.3141701,40.04971122,1.0
790,4000,1000000,116.325893,40.04978002,1.0
791,4000,1000000,116.3376158,40.04984763,1.0
792,4000,1000000,116.3493387,40.04991406,0.0
793,4000,1000000,116.3610616,40.0499793,1.0
794,4000,1000000,116.3727846,40.05004336,0.0
795,4000,1000000,116.3845076,40.05010623,1.4
796,4000,1000000,116.3962307,40.05016791,0.0
797,4000,1000000,116.4079537,40.05022841,1.2
798,4000,1000000,116.4196769,40.05028772,1.3
799,4000,1000000,116.4314,40.05034584,1.4
800,4000,1000000,116.4431232,40.05040278,1.1
801,4000,1000000,116.4548464,40.05045854,1.0
802,4000,1000000,116.4665696,40.0505131,1.0
803,4000,1000000,116.4782929,40.05056648,0.0
804,4000,1000000,116.4900162,40.05061868,0.0
805,4000,1000000,116.5017396,40.05066969,0.0
806,4000,1000000,116.5134629,40.05071951,0.0
807,4000,1000000,116.5251863,40.05076815,0.0
808,4000,1000000,116.5369098,40.0508156,0.0
809,4000,1000000,116.5486332,40.05086186,0.0
810,4000,1000000,116.5603567,40.05090694,0.0
811,4000,1000000,116.2202865,40.05812702,0.0
812,4000,1000000,116.2320105,40.05820533,0.0
813,4000,1000000,116.2437346,40.05828245,0.0
814,4000,1000000,116.2554587,40.05835839,0.0
815,4000,1000000,116.2671828,40.05843314,1.0
816,4000,1000000,116.278907,40.05850671,0.0
817,4000,1000000,116.2906312,40.05857909,1.0
818,4000,1000000,116.3023555,40.05865028,1.0
819,4000,1000000,116.3140798,40.05872029,1.0
820,4000,1000000,116.3258042,40.05878911,0.0
821,4000,1000000,116.3375286,40.05885675,1.0
822,4000,1000000,116.349253,40.0589232,0.0
823,4000,1000000,116.3609775,40.05898846,0.0
824,4000,1000000,116.372702,40.05905253,1.3
825,4000,1000000,116.3844266,40.05911542,0.0
826,4000,1000000,116.3961511,40.05917713,0.0
827,4000,1000000,116.4078758,40.05923764,1.6
828,4000,1000000,116.4196004,40.05929697,1.2
829,4000,1000000,116.4313251,40.05935512,1.6
830,4000,1000000,116.4430498,40.05941207,0.0
831,4000,1000000,116.4547746,40.05946784,0.0
832,4000,1000000,116.4664994,40.05952243,0.0
833,4000,1000000,116.4782242,40.05957583,0.0
834,4000,1000000,116.4899491,40.05962804,0.0
835,4000,1000000,116.501674,40.05967906,0.0
836,4000,1000000,116.5133989,40.0597289,0.0
837,4000,1000000,116.5251238,40.05977755,1.2
838,4000,1000000,116.5368488,40.05982502,0.0
839,4000,1000000,116.5485738,40.0598713,1.0
840,4000,1000000,116.5602988,40.05991639,1.5
841,4000,1000000,116.2201838,40.06713589,0.0
842,4000,1000000,116.2319093,40.06721422,0.0
843,4000,1000000,116.2436349,40.06729137,1.5
844,4000,1000000,116.2553606,40.06736733,1.6
845,4000,1000000,116.2670863,40.06744211,0.0
846,4000,1000000,116.278812,40.0675157,0.0
847,4000,1000000,116.2905378,40.0675881,0.0
848,4000,1000000,116.3022636,40.06765932,0.0
849,4000,1000000,116.3139895,40.06772935,1.0
850,4000,1000000,116.3257154,40.06779819,0.0
851,4000,1000000,116.3374413,40.06786585,1.0
852,4000,1000000,116.3491673,40.06793232,0.0
853,4000,1000000,116.3608933,40.0679976,1.1
854,4000,1000000,116.3726194,40.0680617,0.0
855,4000,1000000,116.3843455,40.06812461,1.6
856,4000,1000000,116.3960716,40.06818633,0.0
857,4000,1000000,116.4077978,40.06824686,1.3
858,4000,1000000,116.419524,40.06830621,0.0
859,4000,1000000,116.4312502,40.06836437,1.4
860,4000,1000000,116.4429765,40.06842135,0.0
861,4000,1000000,116.4547028,40.06847714,0.0
862,4000,1000000,116.4664291,40.06853174,0.0
863,4000,1000000,116.4781555,40.06858515,0.0
864,4000,1000000,116.4898819,40.06863738,0.0
865,4000,1000000,116.5016083,40.06868842,0.0
866,4000,1000000,116.5133348,40.06873828,0.0
867,4000,1000000,116.5250613,40.06878694,0.0
868,4000,1000000,116.5367878,40.06883443,0.0
869,4000,1000000,116.5485143,40.06888072,1.1
870,4000,1000000,116.5602409,40.06892583,0.0
871,4000,1000000,116.220081,40.07614474,0.0
872,4000,1000000,116.2318081,40.0762231,1.6
873,4000,1000000,116.2435353,40.07630027,1.5
874,4000,1000000,116.2552625,40.07637626,0.0
875,4000,1000000,116.2669897,40.07645106,1.4
876,4000,1000000,116.278717,40.07652468,1.5
877,4000,1000000,116.2904443,40.0765971,0.0
878,4000,1000000,116.3021717,40.07666834,0.0
879,4000,1000000,116.3138991,40.07673839,1.0
880,4000,1000000,116.3256265,40.07680726,1.0
881,4000,1000000,116.337354,40.07687493,1.0
882,4000,1000000,116.3490815,40.07694143,1.0
883,4000,1000000,116.3608091,40.07700673,1.0
884,4000,1000000,116.3725367,40.07707084,1.5
885,4000,1000000,116.3842643,40.07713377,0.0
886,4000,1000000,116.395992,40.07719552,0.0
887,4000,1000000,116.4077197,40.07725607,1.4
888,4000,1000000,116.4194475,40.07731544,1.6
889,4000,1000000,116.4311753,40.07737362,0.0
890,4000,1000000,116.4429031,40.07743061,0.0
891,4000,1000000,116.4546309,40.07748642,0.0
892,4000,1000000,116.4663588,40.07754104,0.0
893,4000,1000000,116.4780867,40.07759447,0.0
894,4000,1000000,116.4898147,40.07764671,0.0
895,4000,1000000,116.5015426,40.07769777,0.0
896,4000,1000000,116.5132706,40.07774764,0.0
897,4000,1000000,116.5249987,40.07779632,1.5
898,4000,1000000,116.5367267,40.07784382,0.0
899,4000,1000000,116.5484548,40.07789013,0.0
900,4000,1000000,116.5601829,40.07793525,0.0
